day,overall_retention,retention_A,retention_B
0,1.0,1.0,1.0
1,0.59625,0.5882352941176471,0.6032863849765259
2,0.4675,0.45187165775401067,0.4812206572769953
3,0.39,0.37967914438502676,0.39906103286384975
4,0.3275,0.32085561497326204,0.3333333333333333
5,0.3075,0.3048128342245989,0.30985915492957744
6,0.25,0.2540106951871658,0.24647887323943662
7,0.2275,0.21122994652406418,0.24178403755868544
